INSERT INTO role (id,nombre) VALUES (1,'ADMIN'), (2,'PROFESOR'), (3,'ALUMNO');

INSERT INTO usuario(id,apellidos,email,nombre,password,user) VALUES(1,'García García','admin@tfg.com','Administrador','$2a$10$agHuWbtWZVAt3ATyK.jNe.JiXV6A3SGoT3e2Ir8Ytp/n4hr4dQM12','admin');
INSERT INTO usuario(id,apellidos,email,nombre,password,user) VALUES(2,'Morote Herrero','profesor1@tfg.com','Manuel','$2a$10$O9SjDJUe7xb3m6aVWq4ife2.me87h2VNRnitTXB2sev011bFwtTXW','profesor1');
INSERT INTO usuario(id,apellidos,email,nombre,password,user) VALUES(3,'Monllor Alcaraz','profesor2@tfg.com','Javier','$2a$10$O9SjDJUe7xb3m6aVWq4ife2.me87h2VNRnitTXB2sev011bFwtTXW','profesor2');
INSERT INTO usuario(id,apellidos,email,nombre,password,user) VALUES(4,'Gironés García','profesor3@tfg.com','Álvaro','$2a$10$O9SjDJUe7xb3m6aVWq4ife2.me87h2VNRnitTXB2sev011bFwtTXW','profesor3');
INSERT INTO usuario(id,apellidos,email,nombre,password,user) VALUES(5,'González García','alumno@tfg.com','Juanito','$2a$10$S4ZeBHyCuu3LEzr9XrkGA.VAdREKOp/HHK2gLu.z1iHzY9bns5x72','alumno');
insert into usuario (id, apellidos, email, nombre, password, user) values (6, 'Vreiberg', 'gvreiberg5@angelfire.com', 'Rébecca', 'dhd6SKlPzhK2', 'vvreiberg5');
insert into usuario (id, apellidos, email, nombre, password, user) values (7, 'See', 'gsee6@google.com.hk', 'Tán', 'gPgjeFXQ', 'csee6');
insert into usuario (id, apellidos, email, nombre, password, user) values (8, 'Halpeine', 'fhalpeine7@msu.edu', 'Kallisté', 'ZZ2oaEqK', 'whalpeine7');
insert into usuario (id, apellidos, email, nombre, password, user) values (9, 'Flacke', 'yflacke8@latimes.com', 'Aimée', 'DzXYG0b1CU', 'sflacke8');
insert into usuario (id, apellidos, email, nombre, password, user) values (10, 'Addicott', 'laddicott9@cisco.com', 'Erwéi', '3QcGVf', 'laddicott9');
insert into usuario (id, apellidos, email, nombre, password, user) values (11, 'Benning', 'ebenninga@altervista.org', 'Östen', 'spdVpV', 'tbenninga');
insert into usuario (id, apellidos, email, nombre, password, user) values (12, 'Boote', 'tbooteb@bloglines.com', 'Maéna', 'OtGvr8', 'rbooteb');
insert into usuario (id, apellidos, email, nombre, password, user) values (13, 'Scoates', 'cscoatesc@merriam-webster.com', 'Mylène', 'ATNEQL', 'escoatesc');
insert into usuario (id, apellidos, email, nombre, password, user) values (14, 'Roobottom', 'kroobottomd@imdb.com', 'Athéna', 'ik8HRTT0pZl', 'kroobottomd');
insert into usuario (id, apellidos, email, nombre, password, user) values (15, 'Pidcock', 'spidcocke@github.com', 'Kuí', 'WJcNxTtwUS', 'npidcocke');
insert into usuario (id, apellidos, email, nombre, password, user) values (16, 'McCory', 'amccoryf@github.com', 'Sélène', '8YNAIzNbt5Eo', 'mmccoryf');
insert into usuario (id, apellidos, email, nombre, password, user) values (17, 'Passie', 'mpassieg@reference.com', 'Mélodie', 'LbbvXeU1WujO', 'opassieg');
insert into usuario (id, apellidos, email, nombre, password, user) values (18, 'Dwelley', 'kdwelleyh@berkeley.edu', 'Mén', 'YsDRFV23gl5', 'gdwelleyh');
insert into usuario (id, apellidos, email, nombre, password, user) values (19, 'Mangion', 'cmangioni@mashable.com', 'Vénus', 'XqCgSM0S9WL', 'bmangioni');
insert into usuario (id, apellidos, email, nombre, password, user) values (20, 'Reason', 'jreasonj@mit.edu', 'Anaïs', 'jAyBBC', 'treasonj');
insert into usuario (id, apellidos, email, nombre, password, user) values (21, 'Mecozzi', 'jmecozzik@theatlantic.com', 'Médiamass', 'Qrm7MeC', 'amecozzik');
insert into usuario (id, apellidos, email, nombre, password, user) values (22, 'Edlestone', 'sedlestonel@census.gov', 'Aloïs', 'U6lBY7sJf0RC', 'nedlestonel');
insert into usuario (id, apellidos, email, nombre, password, user) values (23, 'Brodway', 'cbrodwaym@imgur.com', 'Ruò', 'wchJ2NW', 'vbrodwaym');
insert into usuario (id, apellidos, email, nombre, password, user) values (24, 'Yu', 'tyun@feedburner.com', 'Publicité', 'I5GhCo', 'yyun');
insert into usuario (id, apellidos, email, nombre, password, user) values (25, 'Tompsett', 'ftompsetto@pinterest.com', 'Mégane', 'q6GGuX8', 'ltompsetto');
insert into usuario (id, apellidos, email, nombre, password, user) values (26, 'Wrassell', 'lwrassellp@huffingtonpost.com', 'Célestine', 'BpvL7jF58sbb', 'wwrassellp');
insert into usuario (id, apellidos, email, nombre, password, user) values (27, 'Riply', 'vriplyq@redcross.org', 'Thérèsa', 'o2CxToj9bKh', 'wriplyq');
insert into usuario (id, apellidos, email, nombre, password, user) values (28, 'Duval', 'sduvalr@ed.gov', 'Lén', '8Zz2Z6FXvW', 'oduvalr');
insert into usuario (id, apellidos, email, nombre, password, user) values (29, 'Larciere', 'blarcieres@techcrunch.com', 'Hélèna', 'UVrPrCAVm', 'olarcieres');
insert into usuario (id, apellidos, email, nombre, password, user) values (30, 'Noller', 'rnollert@addthis.com', 'Laïla', 'gyhZOyHxI', 'rnollert');
insert into usuario (id, apellidos, email, nombre, password, user) values (31, 'Minichillo', 'mminichillou@google.com.au', 'Miléna', 'a5481X', 'dminichillou');
insert into usuario (id, apellidos, email, nombre, password, user) values (32, 'Silvester', 'csilvesterv@tumblr.com', 'Cléa', 'vD1vC9tfK', 'dsilvesterv');
insert into usuario (id, apellidos, email, nombre, password, user) values (33, 'Perrat', 'vperratw@microsoft.com', 'Mélinda', 'hrUpHzzFQC', 'lperratw');
insert into usuario (id, apellidos, email, nombre, password, user) values (34, 'Hendren', 'thendrenx@hatena.ne.jp', 'Mélys', '8V5EUoG5O1s3', 'rhendrenx');
insert into usuario (id, apellidos, email, nombre, password, user) values (35, 'Rotge', 'rrotgey@lulu.com', 'Océanne', 'RoVfD3aGBx', 'grotgey');
insert into usuario (id, apellidos, email, nombre, password, user) values (36, 'Palfrey', 'npalfreyz@wordpress.com', 'Cécile', 'XVtrAoe', 'dpalfreyz');
insert into usuario (id, apellidos, email, nombre, password, user) values (37, 'Gaven', 'ngaven10@google.ru', 'Wá', 'Ty4klBvY8', 'dgaven10');
insert into usuario (id, apellidos, email, nombre, password, user) values (38, 'Redley', 'sredley11@discuz.net', 'Salomé', 'ZgS8y3C', 'tredley11');
insert into usuario (id, apellidos, email, nombre, password, user) values (39, 'Sayle', 'nsayle12@flickr.com', 'Maëlann', 'efjqUhV', 'gsayle12');
insert into usuario (id, apellidos, email, nombre, password, user) values (40, 'Dory', 'jdory13@goo.gl', 'Réjane', '3AkNDba7', 'ldory13');
insert into usuario (id, apellidos, email, nombre, password, user) values (41, 'Astupenas', 'lastupenas14@ucoz.com', 'Camélia', 'gSuwbOIyU9', 'bastupenas14');
insert into usuario (id, apellidos, email, nombre, password, user) values (42, 'Rowthorne', 'browthorne15@free.fr', 'Yú', 'xEVJZkE53Ij', 'crowthorne15');
insert into usuario (id, apellidos, email, nombre, password, user) values (43, 'Filmer', 'efilmer16@spiegel.de', 'Erwéi', 'jb5c3VAawS6c', 'ofilmer16');
insert into usuario (id, apellidos, email, nombre, password, user) values (44, 'Polhill', 'lpolhill17@networkadvertising.org', 'Chloé', 'rA3sLX4DqF', 'epolhill17');
insert into usuario (id, apellidos, email, nombre, password, user) values (45, 'Beeby', 'fbeeby18@gnu.org', 'Marie-josée', 'FY2n0NM', 'ebeeby18');
insert into usuario (id, apellidos, email, nombre, password, user) values (46, 'Skamal', 'askamal19@histats.com', 'Gaétane', 'MuJ0WBOvnRF', 'tskamal19');
insert into usuario (id, apellidos, email, nombre, password, user) values (47, 'Evennett', 'wevennett1a@printfriendly.com', 'Intéressant', 'vRxwQ8Tw', 'hevennett1a');
insert into usuario (id, apellidos, email, nombre, password, user) values (48, 'Kingzet', 'ekingzet1b@chron.com', 'Cloé', 'bJOHNiR', 'ckingzet1b');
insert into usuario (id, apellidos, email, nombre, password, user) values (49, 'Paxman', 'bpaxman1c@google.fr', 'Tú', 'Y2qUwneH55N', 'mpaxman1c');
insert into usuario (id, apellidos, email, nombre, password, user) values (50, 'Brunet', 'ebrunet1d@tmall.com', 'Eléa', 'BOhxUDmb1', 'cbrunet1d');
insert into usuario (id, apellidos, email, nombre, password, user) values (51, 'Ould', 'aould1e@diigo.com', 'Måns', 'Qp6fvt4mE', 'could1e');
insert into usuario (id, apellidos, email, nombre, password, user) values (52, 'Feron', 'cferon1f@theglobeandmail.com', 'Léane', 'y40JrwTR0JH', 'mferon1f');
insert into usuario (id, apellidos, email, nombre, password, user) values (53, 'Rasch', 'wrasch1g@unblog.fr', 'Léandre', 'hCtNvF', 'trasch1g');
insert into usuario (id, apellidos, email, nombre, password, user) values (54, 'Ochterlonie', 'kochterlonie1h@hp.com', 'Ruò', 'eE3vUH', 'nochterlonie1h');
insert into usuario (id, apellidos, email, nombre, password, user) values (55, 'Mallindine', 'tmallindine1i@yelp.com', 'Adélie', '2eOXGpEBSU0', 'mmallindine1i');
insert into usuario (id, apellidos, email, nombre, password, user) values (56, 'Shirland', 'gshirland1j@ow.ly', 'Tú', 'nkzmzKFG3LKe', 'kshirland1j');
insert into usuario (id, apellidos, email, nombre, password, user) values (57, 'Eaken', 'weaken1k@123-reg.co.uk', 'Léone', 'LPhzAq', 'jeaken1k');
insert into usuario (id, apellidos, email, nombre, password, user) values (58, 'Ouldcott', 'douldcott1l@sciencedaily.com', 'Loïca', 'Uvh1VfQ3uxr', 'vouldcott1l');
insert into usuario (id, apellidos, email, nombre, password, user) values (59, 'Puddephatt', 'dpuddephatt1m@tinyurl.com', 'Simplifiés', 'dCCdRC', 'spuddephatt1m');
insert into usuario (id, apellidos, email, nombre, password, user) values (60, 'Heinsius', 'kheinsius1n@ustream.tv', 'Vérane', '5JVHjSImh3s', 'aheinsius1n');
insert into usuario (id, apellidos, email, nombre, password, user) values (61, 'Jantet', 'ejantet1o@so-net.ne.jp', 'Yénora', 'kahDapOHGd', 'kjantet1o');
insert into usuario (id, apellidos, email, nombre, password, user) values (62, 'Seymer', 'bseymer1p@hhs.gov', 'Noëlla', 'XRNmvnCUYtZi', 'mseymer1p');
insert into usuario (id, apellidos, email, nombre, password, user) values (63, 'McGannon', 'gmcgannon1q@newyorker.com', 'Océanne', 'srEd2pIoAXg', 'kmcgannon1q');
insert into usuario (id, apellidos, email, nombre, password, user) values (64, 'Mangenot', 'hmangenot1r@wordpress.org', 'Publicité', 'f1AZ6Ek2PQ1', 'tmangenot1r');
insert into usuario (id, apellidos, email, nombre, password, user) values (65, 'Tringham', 'dtringham1s@goo.ne.jp', 'Méghane', 'i0eONFI2tE', 'etringham1s');
insert into usuario (id, apellidos, email, nombre, password, user) values (66, 'Mounsie', 'mmounsie1t@opensource.org', 'Aimée', 'QFr7XgFfJ', 'kmounsie1t');
insert into usuario (id, apellidos, email, nombre, password, user) values (67, 'Cole', 'mcole1u@google.nl', 'Yóu', 'zB6hcO2', 'kcole1u');
insert into usuario (id, apellidos, email, nombre, password, user) values (68, 'Jillitt', 'gjillitt1v@furl.net', 'Nadège', 'w4F0OxTzZ', 'rjillitt1v');
insert into usuario (id, apellidos, email, nombre, password, user) values (69, 'Hawkswell', 'mhawkswell1w@surveymonkey.com', 'Loïca', 'rC54Sa', 'ehawkswell1w');
insert into usuario (id, apellidos, email, nombre, password, user) values (70, 'Minor', 'pminor1x@angelfire.com', 'Yáo', 'h0hDRQAOey', 'vminor1x');
insert into usuario (id, apellidos, email, nombre, password, user) values (71, 'Farleigh', 'bfarleigh1y@independent.co.uk', 'Lèi', '4Q8XqtvWo5zs', 'lfarleigh1y');
insert into usuario (id, apellidos, email, nombre, password, user) values (72, 'Draper', 'mdraper1z@drupal.org', 'Gaëlle', 'jD5sp6xAq', 'adraper1z');
insert into usuario (id, apellidos, email, nombre, password, user) values (73, 'Pigrome', 'tpigrome20@twitter.com', 'Bérengère', '35HM7b', 'kpigrome20');
insert into usuario (id, apellidos, email, nombre, password, user) values (74, 'Jackways', 'bjackways21@prweb.com', 'Véronique', 'xctnQr7', 'hjackways21');
insert into usuario (id, apellidos, email, nombre, password, user) values (75, 'Paiton', 'epaiton22@domainmarket.com', 'Eloïse', 'MaAb95NZTzqb', 'gpaiton22');
insert into usuario (id, apellidos, email, nombre, password, user) values (76, 'Wakes', 'mwakes23@webnode.com', 'Inès', 'YmpzljBAaCAL', 'hwakes23');
insert into usuario (id, apellidos, email, nombre, password, user) values (77, 'Tandey', 'atandey24@constantcontact.com', 'Valérie', 'Z1AKG2', 'ctandey24');
insert into usuario (id, apellidos, email, nombre, password, user) values (78, 'Greenhalgh', 'tgreenhalgh25@theguardian.com', 'Maëlann', 'Z0qFwX', 'bgreenhalgh25');
insert into usuario (id, apellidos, email, nombre, password, user) values (79, 'Cavendish', 'kcavendish26@vkontakte.ru', 'Publicité', 'oRa7qE', 'tcavendish26');
insert into usuario (id, apellidos, email, nombre, password, user) values (80, 'Chicken', 'gchicken27@rakuten.co.jp', 'Pélagie', 'KfQ8MLaE', 'hchicken27');
insert into usuario (id, apellidos, email, nombre, password, user) values (81, 'Howett', 'rhowett28@bizjournals.com', 'Léone', '6O6p9HJDpP', 'nhowett28');
insert into usuario (id, apellidos, email, nombre, password, user) values (82, 'Siburn', 'psiburn29@google.ca', 'Géraldine', 'oFMJM8jZitu3', 'hsiburn29');
insert into usuario (id, apellidos, email, nombre, password, user) values (83, 'Winslet', 'awinslet2a@flickr.com', 'Célia', 'r5iZTX', 'fwinslet2a');
insert into usuario (id, apellidos, email, nombre, password, user) values (84, 'Kleinhandler', 'ekleinhandler2b@jimdo.com', 'Intéressant', '27mYbNTK3u', 'dkleinhandler2b');
insert into usuario (id, apellidos, email, nombre, password, user) values (85, 'Skillicorn', 'tskillicorn2c@chron.com', 'Amélie', 'MBsVEJOxKL', 'lskillicorn2c');
insert into usuario (id, apellidos, email, nombre, password, user) values (86, 'Jessopp', 'bjessopp2d@squarespace.com', 'Réservés', 'Q9WsjW', 'sjessopp2d');
insert into usuario (id, apellidos, email, nombre, password, user) values (87, 'Ollett', 'gollett2e@de.vu', 'Médiamass', 'bmWcyx', 'uollett2e');
insert into usuario (id, apellidos, email, nombre, password, user) values (88, 'Solomonides', 'esolomonides2f@slashdot.org', 'Faîtes', 'Srzl76', 'rsolomonides2f');
insert into usuario (id, apellidos, email, nombre, password, user) values (89, 'Roskams', 'aroskams2g@themeforest.net', 'Gwenaëlle', 'iGXY4D', 'vroskams2g');
insert into usuario (id, apellidos, email, nombre, password, user) values (90, 'Iori', 'miori2h@addthis.com', 'Torbjörn', 'pneQ1mr', 'jiori2h');
insert into usuario (id, apellidos, email, nombre, password, user) values (91, 'Ondrusek', 'jondrusek2i@dagondesign.com', 'Cloé', 'ZI18u3q', 'condrusek2i');
insert into usuario (id, apellidos, email, nombre, password, user) values (92, 'Middleweek', 'kmiddleweek2j@nydailynews.com', 'Yè', 'VqFIL0dV', 'emiddleweek2j');
insert into usuario (id, apellidos, email, nombre, password, user) values (93, 'Rexworthy', 'urexworthy2k@jalbum.net', 'Görel', 'SGa2lXtD', 'orexworthy2k');
insert into usuario (id, apellidos, email, nombre, password, user) values (94, 'Rasher', 'crasher2l@squidoo.com', 'Cloé', '5Y87bEovkfxi', 'frasher2l');
insert into usuario (id, apellidos, email, nombre, password, user) values (95, 'Trillow', 'etrillow2m@army.mil', 'Wá', '4rC0l5g4x', 'jtrillow2m');
insert into usuario (id, apellidos, email, nombre, password, user) values (96, 'Sellick', 'asellick2n@over-blog.com', 'Bérénice', '1MPbPiDv', 'asellick2n');
insert into usuario (id, apellidos, email, nombre, password, user) values (97, 'O''Hartnett', 'cohartnett2o@dot.gov', 'Tú', 'nQPYhFcs', 'tohartnett2o');
insert into usuario (id, apellidos, email, nombre, password, user) values (98, 'Schall', 'tschall2p@ftc.gov', 'Lóng', 'um3AGAfDkblo', 'aschall2p');
insert into usuario (id, apellidos, email, nombre, password, user) values (99, 'Cary', 'wcary2q@exblog.jp', 'Zoé', 'GRj9mjMF', 'fcary2q');
insert into usuario (id, apellidos, email, nombre, password, user) values (100, 'Dowber', 'ndowber2r@vistaprint.com', 'Gaëlle', 'NWHLnF', 'adowber2r');

INSERT INTO usuario_roles(usuarios_id,roles_id) VALUES(1,1);
INSERT INTO usuario_roles(usuarios_id,roles_id) VALUES(2,2);
INSERT INTO usuario_roles(usuarios_id,roles_id) VALUES(3,2);
INSERT INTO usuario_roles(usuarios_id,roles_id) VALUES(4,2);
INSERT INTO usuario_roles(usuarios_id,roles_id) VALUES(5,3);
insert into usuario_roles (usuarios_id, roles_id) values (6, 3);
insert into usuario_roles (usuarios_id, roles_id) values (7, 3);
insert into usuario_roles (usuarios_id, roles_id) values (8, 3);
insert into usuario_roles (usuarios_id, roles_id) values (9, 3);
insert into usuario_roles (usuarios_id, roles_id) values (10, 3);
insert into usuario_roles (usuarios_id, roles_id) values (11, 3);
insert into usuario_roles (usuarios_id, roles_id) values (12, 3);
insert into usuario_roles (usuarios_id, roles_id) values (13, 3);
insert into usuario_roles (usuarios_id, roles_id) values (14, 3);
insert into usuario_roles (usuarios_id, roles_id) values (15, 3);
insert into usuario_roles (usuarios_id, roles_id) values (16, 3);
insert into usuario_roles (usuarios_id, roles_id) values (17, 3);
insert into usuario_roles (usuarios_id, roles_id) values (18, 3);
insert into usuario_roles (usuarios_id, roles_id) values (19, 3);
insert into usuario_roles (usuarios_id, roles_id) values (20, 3);
insert into usuario_roles (usuarios_id, roles_id) values (21, 3);
insert into usuario_roles (usuarios_id, roles_id) values (22, 3);
insert into usuario_roles (usuarios_id, roles_id) values (23, 3);
insert into usuario_roles (usuarios_id, roles_id) values (24, 3);
insert into usuario_roles (usuarios_id, roles_id) values (25, 3);
insert into usuario_roles (usuarios_id, roles_id) values (26, 3);
insert into usuario_roles (usuarios_id, roles_id) values (27, 3);
insert into usuario_roles (usuarios_id, roles_id) values (28, 3);
insert into usuario_roles (usuarios_id, roles_id) values (29, 3);
insert into usuario_roles (usuarios_id, roles_id) values (30, 3);
insert into usuario_roles (usuarios_id, roles_id) values (31, 3);
insert into usuario_roles (usuarios_id, roles_id) values (32, 3);
insert into usuario_roles (usuarios_id, roles_id) values (33, 3);
insert into usuario_roles (usuarios_id, roles_id) values (34, 3);
insert into usuario_roles (usuarios_id, roles_id) values (35, 3);
insert into usuario_roles (usuarios_id, roles_id) values (36, 3);
insert into usuario_roles (usuarios_id, roles_id) values (37, 3);
insert into usuario_roles (usuarios_id, roles_id) values (38, 3);
insert into usuario_roles (usuarios_id, roles_id) values (39, 3);
insert into usuario_roles (usuarios_id, roles_id) values (40, 3);
insert into usuario_roles (usuarios_id, roles_id) values (41, 3);
insert into usuario_roles (usuarios_id, roles_id) values (42, 3);
insert into usuario_roles (usuarios_id, roles_id) values (43, 3);
insert into usuario_roles (usuarios_id, roles_id) values (44, 3);
insert into usuario_roles (usuarios_id, roles_id) values (45, 3);
insert into usuario_roles (usuarios_id, roles_id) values (46, 3);
insert into usuario_roles (usuarios_id, roles_id) values (47, 3);
insert into usuario_roles (usuarios_id, roles_id) values (48, 3);
insert into usuario_roles (usuarios_id, roles_id) values (49, 3);
insert into usuario_roles (usuarios_id, roles_id) values (50, 3);
insert into usuario_roles (usuarios_id, roles_id) values (51, 3);
insert into usuario_roles (usuarios_id, roles_id) values (52, 3);
insert into usuario_roles (usuarios_id, roles_id) values (53, 3);
insert into usuario_roles (usuarios_id, roles_id) values (54, 3);
insert into usuario_roles (usuarios_id, roles_id) values (55, 3);
insert into usuario_roles (usuarios_id, roles_id) values (56, 3);
insert into usuario_roles (usuarios_id, roles_id) values (57, 3);
insert into usuario_roles (usuarios_id, roles_id) values (58, 3);
insert into usuario_roles (usuarios_id, roles_id) values (59, 3);
insert into usuario_roles (usuarios_id, roles_id) values (60, 3);
insert into usuario_roles (usuarios_id, roles_id) values (61, 3);
insert into usuario_roles (usuarios_id, roles_id) values (62, 3);
insert into usuario_roles (usuarios_id, roles_id) values (63, 3);
insert into usuario_roles (usuarios_id, roles_id) values (64, 3);
insert into usuario_roles (usuarios_id, roles_id) values (65, 3);
insert into usuario_roles (usuarios_id, roles_id) values (66, 3);
insert into usuario_roles (usuarios_id, roles_id) values (67, 3);
insert into usuario_roles (usuarios_id, roles_id) values (68, 3);
insert into usuario_roles (usuarios_id, roles_id) values (69, 3);
insert into usuario_roles (usuarios_id, roles_id) values (70, 3);
insert into usuario_roles (usuarios_id, roles_id) values (71, 3);
insert into usuario_roles (usuarios_id, roles_id) values (72, 3);
insert into usuario_roles (usuarios_id, roles_id) values (73, 3);
insert into usuario_roles (usuarios_id, roles_id) values (74, 3);
insert into usuario_roles (usuarios_id, roles_id) values (75, 3);
insert into usuario_roles (usuarios_id, roles_id) values (76, 3);
insert into usuario_roles (usuarios_id, roles_id) values (77, 3);
insert into usuario_roles (usuarios_id, roles_id) values (78, 3);
insert into usuario_roles (usuarios_id, roles_id) values (79, 3);
insert into usuario_roles (usuarios_id, roles_id) values (80, 3);
insert into usuario_roles (usuarios_id, roles_id) values (81, 3);
insert into usuario_roles (usuarios_id, roles_id) values (82, 3);
insert into usuario_roles (usuarios_id, roles_id) values (83, 3);
insert into usuario_roles (usuarios_id, roles_id) values (84, 3);
insert into usuario_roles (usuarios_id, roles_id) values (85, 3);
insert into usuario_roles (usuarios_id, roles_id) values (86, 3);
insert into usuario_roles (usuarios_id, roles_id) values (87, 3);
insert into usuario_roles (usuarios_id, roles_id) values (88, 3);
insert into usuario_roles (usuarios_id, roles_id) values (89, 3);
insert into usuario_roles (usuarios_id, roles_id) values (90, 3);
insert into usuario_roles (usuarios_id, roles_id) values (91, 3);
insert into usuario_roles (usuarios_id, roles_id) values (92, 3);
insert into usuario_roles (usuarios_id, roles_id) values (93, 3);
insert into usuario_roles (usuarios_id, roles_id) values (94, 3);
insert into usuario_roles (usuarios_id, roles_id) values (95, 3);
insert into usuario_roles (usuarios_id, roles_id) values (96, 3);
insert into usuario_roles (usuarios_id, roles_id) values (97, 3);
insert into usuario_roles (usuarios_id, roles_id) values (98, 3);
insert into usuario_roles (usuarios_id, roles_id) values (99, 3);
insert into usuario_roles (usuarios_id, roles_id) values (100, 3);


INSERT INTO asignatura (id,curso,nombre,descripcion,profesor_id) VALUES (1,'1º','Matemáticas','aaaaaaaaaaaa',2);
INSERT INTO asignatura (id,curso,nombre,descripcion,profesor_id) VALUES (2,'1º','Historia','aaaaaaaaaaa',3);
INSERT INTO asignatura (id,curso,nombre,descripcion,profesor_id) VALUES (3,'1º','Física y Química','aaaaaaaaa',2);
INSERT INTO asignatura (id,curso,nombre,descripcion,profesor_id) VALUES (4,'1º','Castellano','aaaaaaaaaaaa',4);
INSERT INTO asignatura (id,curso,nombre,descripcion,profesor_id) VALUES (5,'2º','Matemáticas','aaaaaaaaaaaa',2);
INSERT INTO asignatura (id,curso,nombre,descripcion,profesor_id) VALUES (6,'2º','Historia','aaaaaaaaaaa',3);
INSERT INTO asignatura (id,curso,nombre,descripcion,profesor_id) VALUES (7,'2º','Física y Química','aaaaaaaaa',2);
INSERT INTO asignatura (id,curso,nombre,descripcion,profesor_id) VALUES (8,'2º','Castellano','aaaaaaaaaaaa',4);
INSERT INTO asignatura (id,curso,nombre,descripcion,profesor_id) VALUES (9,'3º','Matemáticas','aaaaaaaaaaaa',2);
INSERT INTO asignatura (id,curso,nombre,descripcion,profesor_id) VALUES (10,'3º','Historia','aaaaaaaaaaa',3);
INSERT INTO asignatura (id,curso,nombre,descripcion,profesor_id) VALUES (11,'3º','Física y Química','aaaaaaaaa',2);
INSERT INTO asignatura (id,curso,nombre,descripcion,profesor_id) VALUES (12,'3º','Castellano','aaaaaaaaaaaa',4);

INSERT INTO matricula (id, anyo, usuario_id) VALUES (1, 2019, 5);
insert into matricula (id, anyo, usuario_id) values (2, 2019, 6);
insert into matricula (id, anyo, usuario_id) values (3, 2019, 7);
insert into matricula (id, anyo, usuario_id) values (4, 2019, 8);
insert into matricula (id, anyo, usuario_id) values (5, 2019, 9);
insert into matricula (id, anyo, usuario_id) values (6, 2019, 10);
insert into matricula (id, anyo, usuario_id) values (7, 2019, 11);
insert into matricula (id, anyo, usuario_id) values (8, 2019, 12);
insert into matricula (id, anyo, usuario_id) values (9, 2019, 13);
insert into matricula (id, anyo, usuario_id) values (10, 2019, 14);
insert into matricula (id, anyo, usuario_id) values (11, 2019, 15);
insert into matricula (id, anyo, usuario_id) values (12, 2019, 16);
insert into matricula (id, anyo, usuario_id) values (13, 2019, 17);
insert into matricula (id, anyo, usuario_id) values (14, 2019, 18);
insert into matricula (id, anyo, usuario_id) values (15, 2019, 19);
insert into matricula (id, anyo, usuario_id) values (16, 2019, 20);
insert into matricula (id, anyo, usuario_id) values (17, 2019, 21);
insert into matricula (id, anyo, usuario_id) values (18, 2019, 22);

INSERT INTO asignatura_matriculas (asignatura_id, matriculas_id) VALUES (1,1), (2,1), (3,1), (4,1), (5,1), (6,1);
INSERT INTO asignatura_matriculas (asignatura_id, matriculas_id) VALUES (1,2), (2,2), (3,2);
INSERT INTO asignatura_matriculas (asignatura_id, matriculas_id) VALUES (1,3), (2,3), (3,3);
INSERT INTO asignatura_matriculas (asignatura_id, matriculas_id) VALUES (2,4), (5,4), (3,4);
INSERT INTO asignatura_matriculas (asignatura_id, matriculas_id) VALUES (7,5), (6,5), (1,5);
INSERT INTO asignatura_matriculas (asignatura_id, matriculas_id) VALUES (1,6), (2,6), (3,6);
INSERT INTO asignatura_matriculas (asignatura_id, matriculas_id) VALUES (1,7), (2,7), (3,7);
INSERT INTO asignatura_matriculas (asignatura_id, matriculas_id) VALUES (1,8), (2,8), (3,8);
INSERT INTO asignatura_matriculas (asignatura_id, matriculas_id) VALUES (1,9), (2,9), (3,9);
INSERT INTO asignatura_matriculas (asignatura_id, matriculas_id) VALUES (1,10), (2,10), (3,10);
INSERT INTO asignatura_matriculas (asignatura_id, matriculas_id) VALUES (1,11), (2,11), (3,11);
INSERT INTO asignatura_matriculas (asignatura_id, matriculas_id) VALUES (1,12), (2,12), (3,12);
INSERT INTO asignatura_matriculas (asignatura_id, matriculas_id) VALUES (1,13), (2,13), (3,13);
INSERT INTO asignatura_matriculas (asignatura_id, matriculas_id) VALUES (1,14), (2,14), (3,14);
INSERT INTO asignatura_matriculas (asignatura_id, matriculas_id) VALUES (1,15), (2,15), (3,15);
INSERT INTO asignatura_matriculas (asignatura_id, matriculas_id) VALUES (1,16), (2,16), (3,16);
INSERT INTO asignatura_matriculas (asignatura_id, matriculas_id) VALUES (1,17), (2,17), (3,17);
INSERT INTO asignatura_matriculas (asignatura_id, matriculas_id) VALUES (1,18), (2,18), (3,18);


-- INSERT INTO usuario_matriculas (usuario_id, matriculas_id) VALUES (5,1)

INSERT INTO section (id,name,order_section,asignatura_id,create_at,update_at) VALUES (1,"SECCION 1",1,1,NOW(),NOW())
INSERT INTO section (id,name,order_section,asignatura_id,create_at,update_at) VALUES (2,"SECCION 2",2,1,NOW(),NOW())
INSERT INTO section (id,name,order_section,asignatura_id,create_at,update_at) VALUES (3,"SECCION 3",3,1,NOW(),NOW())
INSERT INTO section (id,name,order_section,asignatura_id,create_at,update_at) VALUES (4,"SECCION 4",4,1,NOW(),NOW())

INSERT INTO materiales (id,titulo,contenido,orden,section_id) VALUES (1,'Tema 1','## Tema 1: la la la \n\n  <div style="display:flex;justify-content: center;:center;"><div class="embed-responsive embed-responsive-16by9"  style="width:70%;"><iframe class="embed-responsive-item" src="https://www.youtube.com/embed/hK0OS4E_xjM" frameborder="0" allow="accelerometer; autoplay; encrypted-media; gyroscope; picture-in-picture" allowfullscreen></iframe></div></div>',1,1);
INSERT INTO materiales (id,titulo,contenido,orden,section_id) VALUES (2,'Tema 2','## Tema 2: la la la',2,1);
INSERT INTO materiales (id,titulo,contenido,orden,section_id) VALUES (3,'Tema 3','## Tema 3: la la la',3,2);
INSERT INTO materiales (id,titulo,contenido,orden,section_id) VALUES (4,'Tema 4','## Tema 1: la la la',1,2);
INSERT INTO materiales (id,titulo,contenido,orden,section_id) VALUES (5,'Tema 5','## Tema 1: la la la',2,3);

INSERT INTO usuario_asignaturas_impartidas (usuario_id,asignaturas_impartidas_id) VALUES (2,1);
INSERT INTO usuario_asignaturas_impartidas (usuario_id,asignaturas_impartidas_id) VALUES (3,2);
INSERT INTO usuario_asignaturas_impartidas (usuario_id,asignaturas_impartidas_id) VALUES (2,3);
INSERT INTO usuario_asignaturas_impartidas (usuario_id,asignaturas_impartidas_id) VALUES (4,4);

INSERT INTO usuario_asignaturas_impartidas (usuario_id,asignaturas_impartidas_id) VALUES (2,5);
INSERT INTO usuario_asignaturas_impartidas (usuario_id,asignaturas_impartidas_id) VALUES (3,6);
INSERT INTO usuario_asignaturas_impartidas (usuario_id,asignaturas_impartidas_id) VALUES (2,7);
INSERT INTO usuario_asignaturas_impartidas (usuario_id,asignaturas_impartidas_id) VALUES (4,8);

INSERT INTO usuario_asignaturas_impartidas (usuario_id,asignaturas_impartidas_id) VALUES (2,9);
INSERT INTO usuario_asignaturas_impartidas (usuario_id,asignaturas_impartidas_id) VALUES (3,10);
INSERT INTO usuario_asignaturas_impartidas (usuario_id,asignaturas_impartidas_id) VALUES (2,11);
INSERT INTO usuario_asignaturas_impartidas (usuario_id,asignaturas_impartidas_id) VALUES (4,12);

INSERT INTO anuncio (id,titulo,contenido,importancia,create_at,update_at) VALUES (1, 'Primer anuncio','Esto es un anuncio de prueba 1',5,NOW(),NOW())
INSERT INTO anuncio (id,titulo,contenido,importancia,create_at,update_at) VALUES (2, 'Segundo anuncio','Esto es un anuncio de prueba 2',3,NOW(),NOW())
INSERT INTO anuncio (id,titulo,contenido,importancia,create_at,update_at) VALUES (3, 'Tercer anuncio','Esto es un anuncio de prueba 3',1,NOW(),NOW())
